num_dep,nom_dep,Moins de 20 ans,Moins de 25 ans,25 à 64 ans,65 ans ou plus,75 ans ou plus,80 ans ou plus,85 ans ou plus,pop_totale,Moins de 20 ans.1,Moins de 25 ans.1,25 à 64 ans.1,65 ans ou plus.1,75 ans ou plus.1,80 ans ou plus.1,85 ans ou plus.1,nb hospitalisations,nb deces,espérance de vie,passage_urg_corona,nb_etab_sante,esp_de_vie_H_60,esp_de_vie_F_60,esp_de_vie_H_65,esp_de_vie_F_65,rapport nv_vie interdécile D9/D1,indicateur pauvreté 1,indicateur pauvreté 2,patients positifs,patients testés,ratio patients positifs/population,ratio patients positifs/testés,ratio patients testés/population,ratio population/etab
01,Ain,171336.0,203449.0,344459.0,131590.0,61926.0,35163.0,18688.0,679498.0,25.2150852541141,29.9410741459136,50.6931587730943,19.3657670809921,9.1134926077781,5.1748496684317,2.75026563727929,5924,874,71.9,3176.0,214,24.4,27.9,20.3,23.4,3.5,20.4,18.2,392838.0,2601627.0,57.812973695286814,15.099704915424079,382.874857615475,3175.2242990654204
02,Aisne,125708.0,152860.0,251931.0,116841.0,53128.0,29580.0,16774.0,521632.0,24.098981657567,29.3041837924054,48.2966919207411,22.3991242868536,10.1849579780382,5.67066437641863,3.21567695233421,10705,1647,86.0,4350.0,230,21.9,26.3,18.2,21.9,3.1,20.1,20.3,272177.0,1932208.0,52.177972210293845,14.086319899306908,370.4159254033495,2267.965217391304
03,Allier,66246.0,81986.0,152745.0,97977.0,49747.0,29925.0,17424.0,332708.0,19.9111533236351,24.6420284453635,45.9096264592375,29.448345095399,14.9521502338387,8.99437344458204,5.23702465825889,7585,977,139.2,2568.0,164,23.1,27.2,19.4,23.0,3.0,20.1,21.0,174112.0,1273660.0,52.33177440879089,13.670210260195029,382.8161631220169,2028.7073170731708
04,Alpes-de-Haute-Provence,33920.0,40903.0,80162.0,47096.0,23412.0,13630.0,7259.0,168161.0,20.1711455093631,24.3237135840058,47.669792639197,28.0064937767972,13.9223720125356,8.10532763244748,4.31669649918828,3484,399,128.9,1780.0,98,24.1,27.7,20.0,23.3,3.2,20.5,19.9,99411.0,807426.0,59.116560914837564,12.312088042743236,480.1505699894744,1715.9285714285713
05,Hautes-Alpes,27874.0,33506.0,68377.0,39778.0,19651.0,11323.0,6406.0,141661.0,19.6765517679531,23.6522402072554,48.2680483689936,28.0797114237511,13.8718489916067,7.99302560337708,4.5220632354706,3710,412,124.9,1676.0,87,24.4,28.6,20.4,24.2,3.0,19.9,19.6,82765.0,593457.0,58.424689928773624,13.946250528681944,418.92758063263705,1628.287356321839
06,Alpes-Maritimes,232394.0,289883.0,545645.0,284043.0,151532.0,92326.0,50518.0,1119571.0,20.7574151170404,25.8923284007892,48.7369715721468,25.3707000270639,13.5348271793392,8.24655158091805,4.5122640725778,17625,2666,117.9,9088.0,508,24.2,28.0,20.2,23.6,3.8,23.0,20.5,708218.0,6829342.0,63.25798006557869,10.370223075663805,609.996328951,2203.8799212598424
07,Ardèche,71110.0,85351.0,160546.0,90604.0,43999.0,25486.0,14033.0,336501.0,21.1321808850494,25.3642634048636,47.710407992844,26.9253286022924,13.075444055144,7.57382593216662,4.17026992490364,5302,691,118.2,2320.0,137,24.1,27.8,19.9,23.4,3.0,20.0,20.1,192885.0,1336008.0,57.320780621751496,14.437413548421866,397.02942933304803,2456.211678832117
08,Ardennes,59918.0,72667.0,129763.0,63307.0,29221.0,16711.0,9632.0,265737.0,22.5478574680982,27.3454581033127,48.8313633404456,23.8231785562417,10.9962105389916,6.28854845204093,3.62463638860979,3501,565,95.7,1234.0,139,22.8,26.6,19.0,22.5,3.1,20.4,21.0,157089.0,1279021.0,59.114462795922286,12.281971914456447,481.3108449331482,1911.7769784172663
09,Ariège,31329.0,38135.0,74436.0,43242.0,20792.0,12048.0,6728.0,155813.0,20.1067946833705,24.4748512640152,47.7726505490556,27.7524981869292,13.3442010615289,7.73234582480281,4.31799657281485,1850,255,133.0,1120.0,78,23.5,26.7,19.6,22.5,3.1,21.0,21.4,89640.0,684606.0,57.53050130605277,13.093662632229341,439.37668872302055,1997.6025641025642
10,Aube,75012.0,93036.0,147717.0,71977.0,35133.0,20602.0,11868.0,312730.0,23.9861861669811,29.7496242765325,47.2346752789947,23.0157004444729,11.2342915614108,6.58779138554024,3.79496690435839,4599,634,90.9,1358.0,130,23.0,27.2,19.3,23.1,3.1,20.2,20.3,157255.0,1251941.0,50.28459054136156,12.560895441558348,400.32647971093274,2405.6153846153848
11,Aude,78118.0,95026.0,178358.0,105391.0,51164.0,28915.0,15599.0,378775.0,20.6238532110092,25.0877169823774,47.0881129958419,27.8241700217807,13.507755263679,7.6338195498647,4.11827602138473,4751,692,127.4,1838.0,194,23.0,27.2,19.1,22.9,3.2,21.2,21.0,205873.0,1808890.0,54.35231997887928,11.381178512789612,477.56319714870307,1952.4484536082475
12,Aveyron,54611.0,66330.0,132165.0,80975.0,40909.0,24597.0,14239.0,279470.0,19.5409167352489,23.7342111854582,47.2913013919204,28.9744874226214,14.6380649085769,8.8013024653809,5.09500125237056,3464,447,139.5,750.0,158,23.9,27.9,19.7,23.4,2.9,19.0,19.5,168003.0,1218311.0,60.114860271227684,13.789828705478323,435.93623644756144,1768.7974683544303
13,Bouches-du-Rhône,471361.0,593502.0,1029259.0,455636.0,229417.0,136112.0,73389.0,2078397.0,22.6790646830225,28.5557571532292,49.5217708647578,21.9224719820131,11.0381702821934,6.54889320952638,3.53103858406262,56259,6257,89.4,15694.0,845,24.3,27.9,20.3,23.5,3.8,22.5,21.5,1422340.0,14684144.0,68.43447137385206,9.686230263064704,706.5129520491032,2459.6414201183434
14,Calvados,158802.0,202808.0,336188.0,167609.0,79074.0,45171.0,25660.0,706605.0,22.4739423015688,28.701749916856,47.5779254321721,23.7203246509719,11.1906935275012,6.39268049334494,3.63144897078283,8790,1024,96.2,2900.0,270,23.1,27.5,19.4,23.2,2.9,19.2,19.0,372914.0,3026556.0,52.77545446182803,12.321397654627901,428.32360371070115,2617.0555555555557
15,Cantal,26501.0,32467.0,68060.0,43040.0,20955.0,12350.0,7266.0,143567.0,18.4589773415896,22.614528408339,47.4064374124973,29.9790341791637,14.5959726120905,8.60225539295242,5.06105163442853,2228,263,153.8,818.0,95,23.3,26.7,19.3,22.4,2.8,18.2,19.0,75023.0,569388.0,52.25643776076675,13.176076770146192,396.6008901767119,1511.2315789473685
16,Charente,71734.0,88472.0,166524.0,94860.0,45769.0,26964.0,15195.0,349856.0,20.5038644470868,25.2881185401994,47.5978688374646,27.1140126223361,13.0822395499863,7.70717095033385,4.34321549437483,2972,386,126.8,2326.0,173,23.2,27.3,19.4,22.9,3.0,20.2,20.5,172968.0,1118981.0,49.43976950516784,15.457635116235217,319.8404486417269,2022.2890173410406
17,Charente-Maritime,129819.0,161428.0,310562.0,202449.0,98470.0,55676.0,30484.0,674439.0,19.2484420384942,23.9351520300576,46.0474557372868,30.0173922326556,14.6002826052467,8.25515724921008,4.51990469115813,6660,877,142.8,4690.0,298,23.4,27.9,19.6,23.6,3.0,18.5,18.8,331279.0,2462219.0,49.11919387817134,13.454489629070363,365.076604407515,2263.218120805369
18,Cher,61957.0,75648.0,138918.0,81163.0,39802.0,23168.0,13185.0,295729.0,20.9506000426066,25.5801764453266,46.9747640576339,27.4450594970395,13.4589438303311,7.83419955432169,4.45847380540968,5142,798,124.4,1398.0,121,22.2,26.5,18.6,22.3,2.9,19.8,20.6,151726.0,1013431.0,51.30575628362453,14.971517547815292,342.6890835866621,2444.0413223140495
19,Corrèze,45944.0,57052.0,111798.0,70112.0,35219.0,21122.0,12292.0,238962.0,19.2264878934726,23.8749257204074,46.784844452256,29.3402298273366,14.7383265958604,8.83906227768432,5.1439140951281,4134,432,142.4,2736.0,137,23.3,27.5,19.4,23.0,2.9,18.6,18.7,132967.0,899533.0,55.64357512910002,14.781781213140595,376.43349151747975,1744.2481751824816
2A,Corse-du-Sud,34272.0,40643.0,84283.0,42732.0,21088.0,12842.0,6492.0,167658.0,20.4416132841857,24.2416108983765,50.2707893449761,25.4875997566475,12.5779861384485,7.65964045855253,3.87216834269763,2321,257,119.6,2252.0,77,24.3,28.4,20.2,24.0,3.6,21.1,18.9,97629.0,1073753.0,58.23104176359016,9.09231452671145,640.4424483174081,2177.3766233766232
2B,Haute-Corse,36610.0,47221.0,93928.0,46721.0,22925.0,13387.0,6422.0,187870.0,19.486879224996,25.1349337307713,49.9962740192686,24.8687922499601,12.2025868951935,7.12567200723905,3.41832117953904,2233,266,119.8,2460.0,98,24.8,27.9,20.6,23.4,3.6,21.3,19.9,107172.0,1089765.0,57.045829562995685,9.834413841516291,580.063341672433,1917.0408163265306
21,Côte-d'Or,117337.0,153459.0,261385.0,122908.0,60622.0,35650.0,20270.0,537752.0,21.8199095493834,28.5371323584106,48.6069786816228,22.8558889599667,11.2732263199393,6.62945000669454,3.7693955578036,9988,1394,95.7,3424.0,213,23.9,27.8,19.9,23.5,3.0,19.3,19.0,309653.0,2265803.0,57.582863476100506,13.666369053267209,421.34720094021037,2524.657276995305
22,Côtes-d'Armor,131727.0,159154.0,282730.0,169467.0,81945.0,47206.0,26824.0,611351.0,21.5468691471839,26.0331626185285,46.2467551373924,27.7200822440791,13.4039201702459,7.7215871078971,4.38765946240376,6336,559,120.9,3240.0,247,22.6,27.1,18.9,22.7,2.8,18.7,19.5,303827.0,2131780.0,49.69763687308927,14.252268057679498,348.69984673289156,2475.1052631578946
23,Creuse,20409.0,24922.0,52219.0,36781.0,17963.0,10614.0,6367.0,113922.0,17.9148891346711,21.8763715524657,45.8375028528291,32.2861255947052,15.767806042731,9.31690103755201,5.58891171152192,1452,190,170.5,770.0,76,22.1,27.0,18.3,22.7,3.0,20.6,21.2,57178.0,413028.0,50.19048120643949,13.843613508043038,362.55332595986727,1498.9736842105262
24,Dordogne,76010.0,92708.0,192204.0,128280.0,62538.0,36560.0,20684.0,413192.0,18.3958063079634,22.4370268543437,46.5168735115878,31.0460996340684,15.1353365989661,8.8481867993572,5.00590524501927,4740,569,158.1,2050.0,188,23.2,27.6,19.5,23.2,3.0,20.3,20.3,206767.0,1434621.0,50.04138511878255,14.412656722576903,347.20444732715055,2197.8297872340427
25,Doubs,134303.0,168487.0,267982.0,115852.0,57187.0,33138.0,18510.0,552321.0,24.316113274708,30.5052677700106,48.5192487701898,20.9754834597996,10.3539427253354,5.99977187179195,3.3513120087775,6365,801,81.2,2240.0,230,23.6,27.4,19.7,23.2,3.4,19.5,20.0,324665.0,2383829.0,58.78194021230408,13.61947522242577,431.60209370999837,2401.395652173913
26,Drôme,120702.0,145535.0,255016.0,123558.0,61012.0,35445.0,19061.0,524109.0,23.0299422448384,27.7680787775062,48.6570541623975,23.5748670600963,11.6410899259505,6.76290618936137,3.63683890183149,8612,1303,94.3,4210.0,195,24.2,27.8,20.2,23.3,3.1,19.1,18.6,309953.0,2151311.0,59.13903405589296,14.407633298951197,410.4701502931642,2687.7384615384617
27,Eure,147694.0,176769.0,293813.0,127757.0,58124.0,32642.0,18058.0,598339.0,24.6840002072404,29.5432856624756,49.104771709683,21.3519426278414,9.71422554772462,5.45543579810108,3.01802155634181,5415,806,79.4,3020.0,196,22.9,27.0,19.0,22.8,2.9,19.4,19.2,297360.0,2038564.0,49.697579465821214,14.586738508087064,340.7038484872288,3052.75
28,Eure-et-Loir,105999.0,126849.0,209188.0,94385.0,44164.0,25246.0,14061.0,430422.0,24.6267616432246,29.4708448917574,48.6006756160233,21.9284794922193,10.2606279418803,5.86540650803165,3.26679398357891,7786,829,84.2,3246.0,144,23.1,27.1,19.2,22.9,2.9,19.3,19.0,216874.0,1507062.0,50.3863650092235,14.390516116788826,350.13591312711713,2989.0416666666665
29,Finistère,197584.0,247195.0,447653.0,236756.0,113219.0,65682.0,37603.0,931604.0,21.2090115542655,26.5343429182356,48.0518546506885,25.4138024310759,12.1531251475949,7.05042056496108,4.03637167723625,9174,824,107.9,4974.0,392,22.7,27.2,19.0,22.8,2.8,18.8,18.9,467435.0,3210596.0,50.17528907132215,14.559134814844347,344.63098054538193,2376.5408163265306
30,Gard,170325.0,209697.0,364202.0,192866.0,92059.0,52833.0,27897.0,766765.0,22.2134552307421,27.3482748951765,47.4985164946235,25.1532086102,12.0061557321996,6.89037710380625,3.63827248244247,8760,1227,104.6,3118.0,323,24.0,27.7,20.0,23.3,3.4,21.6,21.3,446917.0,3645835.0,58.28604592019719,12.258289253353484,475.48270982634835,2373.8854489164087
31,Haute-Garonne,344084.0,450310.0,774769.0,262725.0,128905.0,76006.0,42836.0,1487804.0,23.1269710257534,30.2667555672656,52.0746684375092,17.6585759952252,8.66411167062328,5.10860301491326,2.87914268277273,16294,1563,71.3,7072.0,504,24.7,28.5,20.6,24.0,3.5,21.0,19.8,910302.0,7157055.0,61.184268895634105,12.718946549942679,481.0482429137171,2951.9920634920636
32,Gers,37689.0,45720.0,91112.0,56863.0,28396.0,16987.0,9671.0,193695.0,19.4579106326957,23.6041198791915,47.0389013655489,29.3569787552596,14.660161594259,8.76997341180722,4.99290121066625,2268,270,141.7,1100.0,87,24.0,28.1,20.1,23.6,3.0,19.8,20.1,104442.0,750030.0,53.920854952373574,13.92504299828007,387.2221791992566,2226.3793103448274
33,Gironde,383760.0,491540.0,866372.0,349868.0,169569.0,97057.0,54282.0,1707780.0,22.4712785019148,28.7823958589514,50.7308903957184,20.4867137453302,9.92920633805291,5.68322617667381,3.17851245476584,17944,2032,85.4,6376.0,594,24.2,28.0,20.2,23.6,3.2,20.9,20.2,942741.0,7203394.0,55.20271931981871,13.087455718790338,421.79870943564157,2875.050505050505
34,Hérault,274751.0,353209.0,604808.0,285208.0,142182.0,81167.0,43009.0,1243225.0,22.099861247964,28.4107060266645,48.6483138611273,22.9409801122082,11.4365460797523,6.52874580224819,3.45947032918418,15581,1963,98.2,7384.0,526,24.2,28.0,20.2,23.6,3.6,21.7,20.6,719484.0,6421530.0,57.87238834482897,11.204245717142177,516.5219489633815,2363.5456273764257
35,Ille-et-Vilaine,276145.0,351672.0,560073.0,215975.0,106364.0,62855.0,36359.0,1127720.0,24.4870180541269,31.1843365374384,49.6641896924769,19.1514737700848,9.43177384457135,5.57363529954244,3.22411591529812,13187,1387,73.0,4340.0,399,24.2,28.4,20.2,23.9,2.9,19.1,18.8,632850.0,4364757.0,56.11765331819955,14.49908895271833,387.04261696165713,2826.3659147869676
36,Indre,41335.0,50512.0,98991.0,64368.0,32650.0,19679.0,11429.0,213871.0,19.327070991392,23.6179753215724,46.2853776341814,30.0966470442463,15.2662118753828,9.20134099527285,5.34387551374427,3333,440,145.6,666.0,120,22.6,27.1,18.9,22.7,2.8,19.2,20.1,104378.0,693583.0,48.80418570072614,15.049100107701602,324.2996946757625,1782.2583333333334
37,Indre-et-Loire,137275.0,175116.0,297632.0,144003.0,71564.0,42860.0,24749.0,616751.0,22.2577669107954,28.3933062127179,48.2580490343753,23.3486447529068,11.6033861315182,6.94931990381856,4.0128025734859,6043,792,95.4,2908.0,256,24.3,28.5,20.3,24.1,3.0,20.1,20.5,331993.0,2397093.0,53.82934117658504,13.8498172578202,388.6646312693453,2409.18359375
38,Isère,322392.0,401003.0,646812.0,259331.0,125934.0,73152.0,39169.0,1307146.0,24.6638095514962,30.6777513758983,49.4827662709445,19.8394823531572,9.63427191759758,5.59631441323311,2.99652831435815,21186,2842,74.9,5948.0,463,24.6,28.5,20.5,23.9,3.1,19.4,18.8,800336.0,5192748.0,61.22774349613586,15.412571532452567,397.25845467912535,2823.209503239741
39,Jura,56255.0,68164.0,124055.0,65264.0,31931.0,18550.0,10083.0,257483.0,21.8480443369077,26.4732040561901,48.1798798367271,25.3469161070828,12.4012070699813,7.2043591227382,3.91598668649969,5115,698,109.1,2484.0,124,23.8,28.0,19.8,23.6,3.0,18.1,18.1,152964.0,1081977.0,59.407417188707605,14.137453938484828,420.21298493492776,2076.4758064516127
40,Landes,88370.0,106202.0,211139.0,117592.0,56170.0,31952.0,17725.0,434933.0,20.3180719789025,24.4180138090235,48.5451782228527,27.0368079681238,12.9146328285046,7.34641887371158,4.07534033977647,3591,470,125.1,3010.0,184,23.9,27.4,19.8,22.9,2.8,18.5,19.0,240617.0,1610183.0,55.32277385252441,14.943456737526107,370.21403296599703,2363.766304347826
41,Loir-et-Cher,71495.0,85746.0,153662.0,87533.0,43605.0,25865.0,15323.0,326941.0,21.8678599502663,26.2267503922726,46.9999174162922,26.7733321914352,13.3372688038515,7.9112133381864,4.68677834838702,4874,621,115.7,1994.0,137,23.4,28.0,19.5,23.6,2.9,19.7,20.1,163819.0,1100712.0,50.10659415613215,14.88300300169345,336.6699190373798,2386.4306569343066
42,Loire,184447.0,228888.0,363650.0,182564.0,93222.0,55491.0,32057.0,775102.0,23.7964809792776,29.5300489483965,46.9164058407797,23.5535452108239,12.027062244711,7.15918679089978,4.13584276650041,14344,2000,94.1,5031.0,295,24.1,27.9,20.1,23.4,3.0,20.0,20.0,481850.0,3452735.0,62.16601169910541,13.955603311577633,445.4555658481077,2627.464406779661
43,Haute-Loire,48196.0,58915.0,107279.0,60706.0,29701.0,17467.0,10065.0,226900.0,21.2410753635963,25.9651828999559,47.2802996914941,26.75451740855,13.0899074482151,7.69810489202292,4.43587483472896,4179,459,113.7,932.0,105,23.2,27.7,19.3,23.3,2.7,17.9,18.7,141055.0,929244.0,62.16615249008374,15.179543801197532,409.53900396650505,2160.9523809523807
44,Loire-Atlantique,364773.0,456717.0,752744.0,294415.0,140911.0,81097.0,45256.0,1503876.0,24.2555237266902,30.3693256624881,50.0535948442558,19.5770794932561,9.36985496144629,5.39253236304057,3.00929065960225,12556,1470,74.7,3724.0,490,23.8,28.1,19.8,23.7,2.9,19.1,19.1,804774.0,5732373.0,53.51332157704491,14.039107364437031,381.17324832632477,3069.134693877551
45,Loiret,169346.0,208664.0,332355.0,148562.0,71979.0,41614.0,23219.0,689581.0,24.5578111925938,30.2595344129261,48.1966585506271,21.5438070364468,10.4380776152475,6.03467902972965,3.3671171334477,8558,1079,82.1,3514.0,230,23.7,27.6,19.8,23.2,3.1,19.5,19.2,354645.0,2528479.0,51.42905619499377,14.026021177158285,366.66889023914524,2998.1782608695653
46,Lot,32036.0,38425.0,80792.0,56583.0,27610.0,16169.0,8976.0,175800.0,18.2229806598407,21.8572241183163,45.9567690557452,32.1860068259386,15.7053469852105,9.19738339021616,5.10580204778157,1807,200,167.4,1190.0,88,23.7,27.9,19.8,23.5,3.0,20.2,20.4,91007.0,638550.0,51.767349260523325,14.252133740505833,363.22525597269623,1997.7272727272727
47,Lot-et-Garonne,69323.0,84124.0,153350.0,92911.0,47064.0,28072.0,15524.0,330385.0,20.982490125157,25.4624150612165,46.415545499947,28.1220394388365,14.2451987832377,8.49675378724821,4.69876053694932,3343,476,128.6,2372.0,148,24.2,27.9,20.3,23.6,3.1,19.5,19.5,171504.0,1322506.0,51.91034701938647,12.96810751709255,400.2923861555458,2232.3310810810813
48,Lozère,15351.0,18944.0,36569.0,21134.0,10151.0,5952.0,3450.0,76647.0,20.0281811421191,24.7159053844247,47.7109345440787,27.5731600714966,13.2438321134552,7.76547027280911,4.50115464401738,977,164,128.7,512.0,57,22.8,27.6,18.9,23.1,2.9,20.1,19.8,40715.0,265447.0,53.12014821193262,15.33827845106556,346.32405704071914,1344.6842105263158
49,Maine-et-Loire,204201.0,256077.0,398122.0,179936.0,88116.0,52947.0,30932.0,834135.0,24.4805696919563,30.6997068819795,47.7287249665822,21.5715681514383,10.5637576651261,6.34753367260695,3.70827264171867,10886,1256,80.1,1406.0,295,24.3,28.4,20.4,24.0,2.7,18.2,18.5,442950.0,3018520.0,53.102914995774064,14.674409975749706,361.87427694557834,2827.576271186441
50,Manche,104492.0,126023.0,236442.0,131735.0,63428.0,36961.0,21580.0,494200.0,21.1436665317685,25.5004046944557,47.8433832456495,26.6562120598948,12.8344799676244,7.47895588830433,4.36665317685148,5942,729,119.2,3560.0,190,22.9,27.5,19.2,23.1,2.7,17.7,18.3,251436.0,1654246.0,50.877377579927156,15.19943224889164,334.7320922703359,2601.0526315789475
51,Marne,130840.0,167447.0,274311.0,121116.0,57354.0,32625.0,18665.0,562874.0,23.2449891094632,29.7485760578744,48.7339973066797,21.5174266354459,10.1894917867942,5.79614620678873,3.31601743907162,10164,1385,84.1,2974.0,234,22.8,27.5,18.9,23.2,3.3,20.2,19.8,303469.0,2434157.0,53.9141974935776,12.467108736207237,432.4514900315168,2405.4444444444443
52,Haute-Marne,34694.0,43402.0,79094.0,45704.0,21922.0,12856.0,7397.0,168200.0,20.6266349583829,25.8038049940547,47.0237812128419,27.1724137931035,13.0332936979786,7.64328180737218,4.39774078478002,3710,541,122.6,1248.0,83,22.9,27.0,19.1,22.7,2.8,18.7,19.2,88299.0,641850.0,52.49643281807372,13.756952559009115,381.5992865636147,2026.5060240963855
53,Mayenne,73867.0,89531.0,143807.0,71643.0,35293.0,21159.0,12566.0,304981.0,24.2201973237677,29.3562549798184,47.1527734514609,23.4909715687207,11.5721963007532,6.93780924057564,4.12025667172709,3654,434,92.3,910.0,123,23.5,28.4,19.7,23.8,2.6,17.7,17.9,153222.0,1074256.0,50.239851007111916,14.263080680955005,352.23702460153254,2479.520325203252
54,Meurthe-et-Moselle,164922.0,215047.0,362222.0,153051.0,72202.0,41833.0,23977.0,730320.0,22.5821557673349,29.4455854967685,49.5977105926169,20.9567039106145,9.8863511885201,5.72803702486581,3.28308138898017,12270,1789,85.3,5200.0,322,22.7,27.1,18.9,22.7,3.3,21.9,20.8,424151.0,3577433.0,58.07741811808522,11.856294723059802,489.8445886734582,2268.0745341614906
55,Meuse,37927.0,46637.0,85760.0,46165.0,21251.0,12429.0,7434.0,178562.0,21.2402414847504,26.1180990356291,48.0281358855748,25.8537650787962,11.9011883827466,6.96060752007706,4.1632598201185,3138,528,107.9,1111.0,93,22.7,26.7,18.9,22.4,2.9,19.4,20.2,95910.0,717712.0,53.71243601662168,13.36329892770359,401.93994242896025,1920.021505376344
56,Morbihan,165467.0,201039.0,370779.0,210530.0,99360.0,56180.0,31252.0,782348.0,21.1500508725018,25.6968765817769,47.3931038361445,26.9100195820786,12.7002305879225,7.18094760899242,3.99464177066983,7689,871,116.1,3970.0,315,23.3,27.6,19.5,23.2,2.8,18.6,19.2,395236.0,2639734.0,50.5192062867164,14.972569205836649,337.4117400440725,2483.6444444444446
57,Moselle,230636.0,286397.0,540151.0,228711.0,103102.0,62169.0,33980.0,1055259.0,21.8558666640133,27.13997227221,51.186580735156,21.673446992634,9.77030283560718,5.89134989609186,3.22006256284002,18215,3380,90.6,6210.0,313,22.9,26.5,19.1,22.2,3.6,22.1,20.9,618305.0,5410909.0,58.592724629688064,11.427007920480644,512.7564891652191,3371.434504792332
58,Nièvre,37076.0,45907.0,89953.0,63076.0,31658.0,19133.0,11294.0,198936.0,18.6371496360639,23.0762657337033,45.2170547311698,31.7066795351269,15.9136606747899,9.61766598302972,5.67720271846222,3401,492,156.8,1316.0,108,22.4,27.0,18.8,22.8,2.9,20.2,20.6,96962.0,672427.0,48.74029838742108,14.419706525764134,338.011722362971,1842.0
59,Nord,657701.0,836768.0,1287136.0,490430.0,224157.0,125053.0,71742.0,2614334.0,25.1574970910373,32.0069279594727,49.2338010368989,18.7592710036285,8.5741531112704,4.7833597390387,2.74417882336381,47093,6051,67.3,15026.0,1124,21.9,26.5,18.3,22.3,3.4,20.2,20.1,1578099.0,13493040.0,60.36332771558646,11.695651980576653,516.1176804493994,2325.9199288256227
60,Oise,212729.0,258051.0,416621.0,155504.0,69678.0,38507.0,21168.0,830176.0,25.6245663570135,31.0838906448753,50.1846596384381,18.7314497166866,8.39316000462553,4.63841402305053,2.54982076089889,12471,2075,67.3,2988.0,263,22.8,26.7,18.9,22.4,3.1,19.6,19.3,449081.0,3416090.0,54.09467390047411,13.146052943569988,411.4898527541148,3156.5627376425855
61,Orne,56975.0,70020.0,125191.0,77168.0,38011.0,22836.0,13670.0,272379.0,20.9175450383473,25.7068276188693,45.9620602175645,28.3311121635662,13.9551874410289,8.38390624827905,5.01874226720856,5302,628,124.3,1810.0,128,23.2,27.5,19.4,23.2,2.9,19.6,20.1,135105.0,1036347.0,49.60184155166147,13.036656641067133,380.47977266969923,2127.9609375
62,Pas-de-Calais,356319.0,438715.0,710850.0,305990.0,136352.0,75577.0,43769.0,1455555.0,24.4799406411987,30.1407366949377,48.8370415408556,21.0222217642068,9.36769823194589,5.19231495889884,3.00703168207316,19341,2751,76.7,6824.0,628,21.6,26.3,18.0,22.1,3.0,18.0,18.4,837033.0,6397045.0,57.50610591836104,13.084682068048608,439.4918089663393,2317.7627388535034
63,Puy-de-Dôme,146848.0,188538.0,323473.0,153083.0,73700.0,42123.0,23363.0,665094.0,22.0792850333938,28.3475719221644,48.6356815728303,23.0167465050053,11.0811404102277,6.33339046811428,3.51273654551086,8962,1297,98.7,3767.0,275,23.4,27.6,19.6,23.2,3.1,20.6,20.6,371358.0,2737511.0,55.83541574574421,13.565534531185445,411.5976087590626,2418.5236363636363
64,Pyrénées-Atlantiques,143654.0,177780.0,346290.0,182291.0,90868.0,53963.0,30398.0,706361.0,20.3371930216985,25.1684337045788,49.0245072986759,25.8070589967453,12.8642436374602,7.63957806277527,4.30346522528849,7446,909,118.3,3934.0,297,24.1,28.1,20.1,23.7,3.1,19.5,19.3,409872.0,3105564.0,58.02585363574716,13.19798915752501,439.65677606776137,2378.319865319865
65,Hautes-Pyrénées,45304.0,57040.0,109694.0,65800.0,32891.0,19961.0,11426.0,232534.0,19.4827423086516,24.5297461876543,47.1733165902621,28.2969372220837,14.1445982092941,8.5841210317631,4.91369004102626,4610,490,136.7,2140.0,133,23.8,27.7,19.8,23.5,2.9,19.6,19.7,131747.0,996914.0,56.65709100604643,13.215482980477754,428.7175208786672,1748.375939849624
66,Pyrénées-Orientales,104818.0,128457.0,232834.0,136519.0,68133.0,38970.0,21289.0,497810.0,21.0558245113598,25.8044233743798,46.7716598702316,27.4239167553886,13.6865470761937,7.82828790100641,4.27653120668528,6402,914,123.4,2294.0,213,23.1,27.4,19.3,23.1,3.3,21.6,21.2,269786.0,2384021.0,54.19457222635142,11.316427162344628,478.901789839497,2337.1361502347418
67,Bas-Rhin,259590.0,334136.0,598858.0,237557.0,108376.0,65897.0,34895.0,1170551.0,22.1767355715385,28.5451894022559,51.1603509800086,20.2944596177356,9.25854576178227,5.62957103107853,2.98107472463823,17671,2502,83.1,5408.0,338,23.3,27.4,19.4,23.0,3.3,20.9,19.9,717058.0,6626829.0,61.258159618846165,10.820529698291596,566.129028124362,3463.1686390532545
68,Haut-Rhin,171007.0,210463.0,388655.0,169929.0,79197.0,48120.0,25961.0,769047.0,22.2362222334916,27.366727911298,50.5372233426566,22.0960487460454,10.2980702089729,6.25709481995249,3.37573646344112,17374,2442,89.2,5772.0,230,23.8,27.3,19.6,22.8,3.7,20.7,20.0,438309.0,3877477.0,56.99378581543131,11.303974207970802,504.1924615790712,3343.682608695652
69,"Rhône, dont :",473736.0,614399.0,969539.0,343051.0,178185.0,107343.0,60351.0,1926989.0,24.584260730082,31.8838872458535,50.3136758953995,17.802436858747,9.2468094005726,5.57050403505158,3.13188087736879,36530,4735,68.3,9827.0,660,24.9,29.1,20.8,24.5,3.7,20.9,19.9,1232254.0,9849939.0,63.94712164937112,12.510270368171824,511.15699155521907,2919.680303030303
70,Haute-Saône,50446.0,61239.0,112495.0,58789.0,27439.0,15324.0,8422.0,232523.0,21.6950581232824,26.3367494828469,48.3801602422126,25.2830902749405,11.8005530635679,6.59031579671688,3.62200728530081,3377,434,105.2,1518.0,113,23.1,26.9,19.3,22.6,2.8,18.1,18.1,127354.0,898679.0,54.77049582191869,14.17124468247283,386.4903686947098,2057.7256637168143
71,Saône-et-Loire,113954.0,138373.0,255122.0,153200.0,76236.0,44829.0,25603.0,546695.0,20.8441635646933,25.3108223049415,46.6662398595195,28.022937835539,13.9448870028078,8.20000182917349,4.68323288122262,12097,1573,125.1,4352.0,259,23.5,27.9,19.6,23.4,2.8,18.0,18.8,293082.0,2005996.0,53.609782419813605,14.610298325619793,366.9314700152736,2110.7915057915056
72,Sarthe,133671.0,164858.0,268207.0,133031.0,64282.0,38330.0,22211.0,566096.0,23.6127794579011,29.1219157174755,47.378359854159,23.4997244283655,11.3553178259518,6.77093637828213,3.92353947033719,7986,919,93.6,2106.0,200,23.7,28.0,19.8,23.7,2.8,19.6,19.9,297024.0,2162098.0,52.468839207484244,13.737767668255556,381.9313332014358,2830.48
73,Savoie,101381.0,124892.0,226437.0,100490.0,48472.0,28453.0,15871.0,451819.0,22.4384100712896,27.6420424993194,50.1167502915991,22.2412072090815,10.7281898282277,6.29743326420536,3.51268981605466,9105,1132,92.4,3538.0,191,23.9,28.2,19.9,23.6,3.0,19.9,18.8,264509.0,1704751.0,58.54313342289722,15.515990311781604,377.30839119204813,2365.544502617801
74,Haute-Savoie,207821.0,250145.0,459446.0,156899.0,75486.0,43643.0,23139.0,866490.0,23.9842352479544,28.8687694029937,53.0238086994657,18.1074218975407,8.71169892324205,5.03675749287355,2.67042897205969,13296,1646,70.8,5086.0,271,24.3,28.3,20.2,23.8,4.3,22.7,19.7,500669.0,3494384.0,57.78127849138478,14.327818579755402,403.2803609966647,3197.380073800738
75,Paris,373017.0,541106.0,1163882.0,382589.0,194425.0,112813.0,62514.0,2087577.0,17.8684187457517,25.9202894072889,55.7527698379509,18.3269407547602,9.31342891783153,5.40401623508977,2.99457217625985,48776,6509,92.9,7920.0,1034,25.3,28.9,21.3,24.5,6.4,27.5,22.8,1355402.0,16682432.0,64.92704221209566,8.124726658559135,799.1289423096729,2018.9332688588008
76,Seine-Maritime,296515.0,374259.0,606570.0,274725.0,130046.0,74727.0,42472.0,1255554.0,23.6162681971464,29.8082758686604,48.3109448100201,21.8807793213195,10.3576588501968,5.95171533840838,3.38272985470955,18739,2409,84.9,7116.0,475,22.8,27.1,19.1,22.8,3.1,19.7,19.8,685821.0,5373503.0,54.62297917891226,12.763015113232466,427.97864528327733,2643.271578947368
77,Seine-et-Marne,390600.0,479517.0,746464.0,238802.0,108735.0,61426.0,33155.0,1464783.0,26.6660658950848,32.7363848433522,50.9607225097506,16.3028926468972,7.42328385842818,4.19352218041853,2.263475204177,21609,3077,55.0,5930.0,428,23.9,27.5,19.9,23.1,3.2,21.2,20.1,809643.0,6456833.0,55.27392112005669,12.539320747493392,440.8047471878087,3422.3901869158876
78,Yvelines,384488.0,469716.0,744869.0,259079.0,129462.0,77100.0,42676.0,1473664.0,26.0906149570051,31.8740228437419,50.545375336576,17.5806018196821,8.78504190914618,5.23185746547381,2.89591114392426,19918,2707,62.5,4114.0,444,25.2,28.9,21.1,24.3,3.9,21.2,19.2,837364.0,6861244.0,56.821907843307564,12.204259169328477,465.590799530965,3319.063063063063
79,Deux-Sèvres,81785.0,98957.0,180616.0,94109.0,45962.0,27769.0,16014.0,373682.0,21.886256228558,26.4816073559872,48.3341450752244,25.1842475687884,12.2997629000059,7.4311848041918,4.28546197033842,4018,444,106.3,1920.0,178,23.1,28.2,19.5,23.8,2.8,18.4,19.0,197825.0,1390118.0,52.93939766967635,14.23080630565175,372.0056090472648,2099.3370786516853
80,Somme,129833.0,166360.0,272510.0,123256.0,57322.0,32031.0,17913.0,562126.0,23.0967790139577,29.5947883570587,48.4784550083078,21.9267566346335,10.1973578877334,5.69818866232837,3.18665210290931,7109,1230,86.1,3944.0,271,22.3,26.6,18.5,22.5,3.1,19.4,19.5,309898.0,2330751.0,55.12963285811366,13.296057794247433,414.63141715558436,2074.2656826568264
81,Tarn,84392.0,103263.0,188580.0,106929.0,54411.0,32933.0,19273.0,398772.0,21.162970318879,25.8952484126268,47.2901808552255,26.8145707321477,13.6446390418585,8.25860391401603,4.83308757886712,4571,660,118.7,3344.0,181,24.8,28.3,20.7,23.9,3.0,19.6,19.9,227294.0,1560054.0,56.99848535002457,14.569623871994175,391.2145286028106,2203.160220994475
82,Tarn-et-Garonne,62867.0,75381.0,128941.0,63297.0,30910.0,18000.0,10171.0,267619.0,23.4912319379416,28.1672825920432,48.1808092848415,23.6519081231153,11.5500020551605,6.7259798444804,3.80055227767834,3235,424,94.7,1656.0,111,24.3,27.4,20.3,23.1,3.0,19.7,19.8,154697.0,1130342.0,57.80493911119913,13.685857908491412,422.36986163164795,2410.981981981982
83,Var,225014.0,276675.0,532769.0,312062.0,161505.0,94952.0,50513.0,1121506.0,20.0635573951455,24.6699527242832,47.5047837461414,27.8252635295754,14.4007254530961,8.46647276073423,4.5040329699529,19323,2877,129.8,9772.0,428,24.1,28.1,20.1,23.7,3.4,21.1,20.6,671489.0,6113057.0,59.87386603370825,10.984504152341456,545.0757285293168,2620.341121495327
84,Vaucluse,130897.0,157495.0,274402.0,136818.0,67796.0,38867.0,20570.0,568715.0,23.0162735289205,27.6931327642141,48.2494746929481,24.0573925428378,11.9209094186016,6.83417880660788,3.61692587675725,13194,1677,98.4,6298.0,258,23.9,27.7,20.0,23.2,3.4,21.0,19.9,339786.0,2695166.0,59.746270100138034,12.607238292557861,473.9045040134338,2204.3217054263564
85,Vendée,155249.0,188013.0,335980.0,193308.0,91360.0,52113.0,29206.0,717301.0,21.6434941537792,26.2111721578528,46.8394718535176,26.9493559886296,12.7366335750264,7.26515089202441,4.07165192854882,4873,586,111.8,4100.0,259,23.8,28.1,19.9,23.7,2.5,16.4,16.8,368867.0,2601656.0,51.424297470657365,14.178161909183997,362.70073511677805,2769.5019305019305
86,Vienne,100187.0,129474.0,208801.0,102646.0,50103.0,30003.0,17487.0,440921.0,22.7222110083212,29.3644439706886,47.3556487443329,23.2799072849785,11.36326008514,6.80462032881174,3.96601658800556,5294,568,97.2,2038.0,191,23.7,28.1,19.7,23.7,3.0,20.6,20.6,230668.0,1652258.0,52.31504056282191,13.960773680623728,374.72880629409804,2308.4869109947645
87,Haute-Vienne,76303.0,98305.0,173559.0,98475.0,49034.0,28968.0,16847.0,370339.0,20.6035551211188,26.5445983274783,46.864899456984,26.5905022155377,13.2403014535331,7.82202252530789,4.54907530667848,3534,525,120.7,2792.0,189,23.6,28.1,19.8,23.7,3.1,20.7,20.6,205818.0,1333146.0,55.57556725054612,15.438519111935227,359.9799102984023,1959.4656084656085
88,Vosges,74214.0,91447.0,168949.0,95035.0,44976.0,25730.0,14901.0,355431.0,20.8800020257096,25.7284817587661,47.5335578494842,26.7379603917497,12.6539328308448,7.2390984466746,4.19237489132912,8421,1211,116.1,1930.0,185,23.3,27.2,19.5,23.0,2.9,19.5,20.3,194816.0,1538631.0,54.81120104886743,12.661645319768027,432.89161609426304,1921.2486486486487
89,Yonne,73467.0,87296.0,156884.0,84594.0,39952.0,22741.0,12721.0,328774.0,22.3457451014983,26.5519779544611,47.7178852342339,25.730136811305,12.1518124912554,6.91690948797654,3.86922323541399,6907,1021,111.2,3502.0,130,21.9,26.6,18.2,22.5,2.9,19.6,19.8,168146.0,1283857.0,51.143338585167925,13.096941481800544,390.49833624313356,2529.0307692307692
90,Territoire de Belfort,31648.0,40315.0,67178.0,29742.0,14187.0,8385.0,4848.0,137235.0,23.0611724414326,29.3766167522862,48.9510693336248,21.672313914089,10.3377418297082,6.10995737239043,3.53262651655919,6248,990,85.2,1940.0,61,23.4,26.5,19.6,22.1,3.4,20.2,20.6,77633.0,611087.0,56.56938827558567,12.704083052004052,445.28509491019054,2249.754098360656
91,Essonne,353062.0,436274.0,676888.0,218665.0,106444.0,63154.0,35143.0,1331827.0,26.5095992197185,32.7575578509821,50.8240184348268,16.4184237141911,7.99232933406516,4.74190716962488,2.63870607819184,21846,2776,57.0,5648.0,404,24.7,28.4,20.7,23.9,3.5,21.8,20.0,740183.0,5997506.0,55.57651256507039,12.341513289023805,450.3217009416388,3296.6014851485147
92,Hauts-de-Seine,389841.0,497476.0,887082.0,266849.0,132624.0,79398.0,45599.0,1651407.0,23.6065972834074,30.1243727318583,53.7167397255795,16.1588875425622,8.03096995471135,4.80790017239845,2.7612211889619,30417,3700,62.5,6628.0,521,25.2,28.8,21.0,24.3,4.9,24.0,21.0,968663.0,9704486.0,58.656830206000095,9.981600261981933,587.6495618584637,3169.687140115163
93,Seine-Saint-Denis,475601.0,594044.0,883005.0,224023.0,95766.0,54304.0,29799.0,1701072.0,27.9588988590724,34.9217434652972,51.9087375490279,13.1695189856749,5.62974406727052,3.19233988919928,1.75177770253111,26652,3253,42.4,6308.0,463,24.0,27.7,20.0,23.3,3.9,24.5,22.2,846906.0,8423650.0,49.78660515251559,10.05390774782903,495.1965584055231,3674.0215982721384
94,Val-de-Marne,353080.0,452748.0,750381.0,230798.0,112055.0,67565.0,38761.0,1433927.0,24.6232897490598,31.5739922604149,52.3304882326646,16.0955195069205,7.81455401844027,4.71188561202906,2.70313621265239,30420,4153,59.3,8676.0,456,25.2,28.9,21.1,24.4,4.2,23.7,21.4,819788.0,7664186.0,57.170832266914566,10.696347922662628,534.4892731638361,3144.5767543859647
95,Val-d'Oise,356538.0,437303.0,645534.0,192867.0,86594.0,49031.0,27183.0,1275704.0,27.9483328421013,34.2793469331444,50.6021773075886,15.118475759267,6.78793826781134,3.84344644212137,2.13082345120812,20087,2868,49.2,4863.0,395,24.0,27.7,20.0,23.3,3.7,22.9,21.0,717521.0,6159237.0,56.2451007443733,11.649511132628929,482.81082445457565,3229.6303797468354
